<?xml version="1.0" encoding="UTF-8"?>
<SeedRoot xmlns="xmlns://www.fortifysoftware.com/schema/seed"
          xmlns:types="xmlns://www.fortifysoftware.com/schema/wsTypes"
          xmlns:enum="xmlns://www.fortifysoftware.com/schema/enumConstants"
          xmlns:activity="xmlns://www.fortifysoftware.com/schema/activitytemplate"
          xmlns:xsi="http://www.w3.org/2001/XMLSchema-instance">
    <Attributes>

	    <ProjectMetaDataDefinition id="URL" type="DYNAMIC_SCAN_REQUEST" required="true" publishVersion="2018100003" objectVersion="1" systemUsage="HP_DEFINED_DELETABLE" appEntityType="PROJECT_VERSION">
			    <types:Name>URL</types:Name>
			    <types:Description>The URL to start the scan.</types:Description>
			    <types:FreeFormValue>true</types:FreeFormValue>
	    </ProjectMetaDataDefinition>
	    <ProjectMetaDataDefinition id="SiteLogin" type="DYNAMIC_SCAN_REQUEST" publishVersion="2018100003" objectVersion="1" systemUsage="HP_DEFINED_DELETABLE" appEntityType="PROJECT_VERSION">
			    <types:Name>Site Login</types:Name>
			    <types:Description>Login to access the site</types:Description>
			    <types:FreeFormValue>true</types:FreeFormValue>
	    </ProjectMetaDataDefinition>
	    <ProjectMetaDataDefinition id="SitePasscode" type="DYNAMIC_SCAN_REQUEST" publishVersion="2018100003" objectVersion="1" systemUsage="HP_DEFINED_DELETABLE" appEntityType="PROJECT_VERSION">
			    <types:Name>Site Passcode</types:Name>
			    <types:Description>Passcode to access the site</types:Description>
			    <types:FreeFormSensitiveValue>true</types:FreeFormSensitiveValue>
	    </ProjectMetaDataDefinition>
	    <ProjectMetaDataDefinition id="NetworkLogin" type="DYNAMIC_SCAN_REQUEST" publishVersion="2018100003" objectVersion="1" systemUsage="HP_DEFINED_DELETABLE" appEntityType="PROJECT_VERSION">
			    <types:Name>Network Login</types:Name>
			    <types:Description>Login to access the network</types:Description>
			    <types:FreeFormValue>true</types:FreeFormValue>
	    </ProjectMetaDataDefinition>
	    <ProjectMetaDataDefinition id="NetworkPasscode" type="DYNAMIC_SCAN_REQUEST" publishVersion="2018100003" objectVersion="1" systemUsage="HP_DEFINED_DELETABLE" appEntityType="PROJECT_VERSION">
			    <types:Name>Network Passcode</types:Name>
			    <types:Description>Passcode to access the network</types:Description>
			    <types:FreeFormSensitiveValue>true</types:FreeFormSensitiveValue>
	    </ProjectMetaDataDefinition>
	    <ProjectMetaDataDefinition id="RelatedHostNames" type="DYNAMIC_SCAN_REQUEST" publishVersion="2018100003" objectVersion="1" systemUsage="HP_DEFINED_DELETABLE" appEntityType="PROJECT_VERSION">
			    <types:Name>Related Host Name(s)</types:Name>
			    <types:Description>Host names related to the primary host name.  These hosts may also be scanned.</types:Description>
			    <types:FreeFormValue>true</types:FreeFormValue>
	    </ProjectMetaDataDefinition>
	    <ProjectMetaDataDefinition id="WebServicesUsed" type="DYNAMIC_SCAN_REQUEST" publishVersion="2018100003" objectVersion="1" systemUsage="HP_DEFINED_DELETABLE" appEntityType="PROJECT_VERSION">
			    <types:Name>Web Services Used</types:Name>
			    <types:Description>SOAP/XML envelopes, WSDL files, RPC, etc...</types:Description>
			    <types:FreeFormValue>true</types:FreeFormValue>
	    </ProjectMetaDataDefinition>
	    <ProjectMetaDataDefinition id="TechnologiesUsed" type="DYNAMIC_SCAN_REQUEST" publishVersion="2018100003" objectVersion="1" systemUsage="HP_DEFINED_DELETABLE" appEntityType="PROJECT_VERSION">
			    <types:Name>Technologies Used</types:Name>
			    <types:Description>SSO, WebSphere, Sharepoint, Flash, Silverlight, Catalog Site, Shopping Cart, etc...</types:Description>
			    <types:FreeFormValue>true</types:FreeFormValue>
	    </ProjectMetaDataDefinition>
	    <ProjectMetaDataDefinition id="ComplianceImplications" type="DYNAMIC_SCAN_REQUEST" publishVersion="2018100003" objectVersion="1" systemUsage="HP_DEFINED_DELETABLE" appEntityType="PROJECT_VERSION">
			    <types:Name>Compliance Implications</types:Name>
			    <types:Description>Are there any compliance implications of the site?</types:Description>
			    <types:FreeFormValue>true</types:FreeFormValue>
	    </ProjectMetaDataDefinition>
	    <ProjectMetaDataDefinition id="AllowableScanTimes" type="DYNAMIC_SCAN_REQUEST" publishVersion="2018100003" objectVersion="1" systemUsage="HP_DEFINED_DELETABLE" appEntityType="PROJECT_VERSION">
			    <types:Name>Allowable Scan Times</types:Name>
			    <types:Description>The times when it is okay to scan the site(s)</types:Description>
			    <types:FreeFormValue>true</types:FreeFormValue>
	    </ProjectMetaDataDefinition>
	    <ProjectMetaDataDefinition id="WSDL" type="DYNAMIC_SCAN_REQUEST" publishVersion="2018100003" objectVersion="1" systemUsage="HP_DEFINED_DELETABLE" appEntityType="PROJECT_VERSION">
			    <types:Name>WSDL</types:Name>
			    <types:Description>The WSDL for the site</types:Description>
			    <types:FileValue>true</types:FileValue>
	    </ProjectMetaDataDefinition>
	</Attributes>
</SeedRoot>
