<?xml version="1.0" encoding="UTF-8"?>
<SeedRoot xmlns="xmlns://www.fortifysoftware.com/schema/seed"
		  xmlns:types="xmlns://www.fortifysoftware.com/schema/wsTypes"
		   xmlns:enum="xmlns://www.fortifysoftware.com/schema/enumConstants"
		   xmlns:activity="xmlns://www.fortifysoftware.com/schema/activitytemplate"
		  xmlns:xsi="http://www.w3.org/2001/XMLSchema-instance">
	<Attributes>
 
		<ProjectMetaDataDefinition id="BusinessRisk" type="BUSINESS"  appEntityType="ALL" systemUsage="HP_DEFINED_NON_DELETABLE" publishVersion="2018100003" objectVersion="1" >
			<types:Name>Business Risk</types:Name>
			<types:Description>The relative risk of the application to the organization's business goals. </types:Description>
			<types:Value id="High">
				<types:ShortName>High</types:ShortName>
				<types:Description>High Business Risk. This application is critical to the primary business goals of the organization.</types:Description>
			</types:Value>
			<types:Value id="Medium">
				<types:ShortName>Medium</types:ShortName>
				<types:Description>Medium Business Risk. This application is important to the primary business goals of the organization.</types:Description>
			</types:Value>
			<types:Value id="Low">
				<types:ShortName>Low</types:ShortName>
				<types:Description>Low Business Risk. This application is not needed for the primary business goals of the organization.</types:Description>
			</types:Value>
		</ProjectMetaDataDefinition>

		<ProjectMetaDataDefinition id="Compliance" multiple="true" type="BUSINESS"  appEntityType="ALL" systemUsage="HP_DEFINED_DELETABLE" publishVersion="2018100003" objectVersion="1" >
			<types:Name>Known Compliance Obligations</types:Name>
			<types:Description>Enumeration of all known compliance obligations</types:Description>
			<types:Value id="FISMA">
				<types:ShortName>FISMA</types:ShortName>
				<types:Description>Federal Information Security Management Act</types:Description>
			</types:Value>
			<types:Value id="GLBA">
				<types:ShortName>GLBA</types:ShortName>
				<types:Description>Gramm-Leach-Bliley Act</types:Description>
			</types:Value>
			<types:Value id="HPPA">
				<types:ShortName>HIPAA</types:ShortName>
				<types:Description>Health Insurance Portability and Accountability Act</types:Description>
			</types:Value>
			<types:Value id="PCI">
				<types:ShortName>PCI</types:ShortName>
				<types:Description>Payment Card Industry Data Security Standard</types:Description>
			</types:Value>
			<types:Value id="SOX">
				<types:ShortName>SOX</types:ShortName>
				<types:Description>Sarbanes-Oxley Act</types:Description>
			</types:Value>
			<types:Value id="NONE">
				<types:ShortName>None</types:ShortName>
				<types:Description>There are no known legal compliance obligations</types:Description>
			</types:Value>
		</ProjectMetaDataDefinition>

        
		<ProjectMetaDataDefinition id="InfoClassification" multiple="true" type="BUSINESS"  appEntityType="ALL" systemUsage="HP_DEFINED_DELETABLE" publishVersion="2018100003" objectVersion="1" >
			<types:Name>Data Classification</types:Name>
			<types:Description>The classifications of data that is stored by this Application.</types:Description>
			<!-- PUBLIC basic-->
            <types:Value id="PUB">
				<types:ShortName>Public Data</types:ShortName>
				<types:Description>Public data is intended for external release or for use by non-employees. This data type can be disclosed to anyone without exception or consequence.</types:Description>
			</types:Value>
            <!-- INTERNAL basic-->
            <types:Value id="INT">
				<types:ShortName>Internal Data</types:ShortName>
				<types:Description>Internal data is widely available to employees during the normal course of business, but is kept within an organization's control and may not be otherwise disclosed without authorization.</types:Description>
			</types:Value>
            <!-- CONFIDENTIAL basic-->
            <types:Value id="CON">
				<types:ShortName>Confidential Data</types:ShortName>
				<types:Description>Confidential information is defined as information that, if compromised, may have an adverse material impact on the organization, its customers, business partners, vendors or employees. Information with this classification is very sensitive and is to be disseminated only to groups or individuals with a legitimate business "need to know."</types:Description>
			</types:Value>
            <!-- RESTRICTED basic-->
            <types:Value id="RES">
				<types:ShortName>Restricted Data</types:ShortName>
				<types:Description>Restricted data is statutorily protected and considered Confidential. Restricted data may substantially harm the organization's reputation or cause severe financial, legal, or regulatory damage to the organization, its customers, business partners, vendors or employees if it is disclosed to anyone other than those individuals who are authorized to access or see it.</types:Description>
			</types:Value>
 <!-- RESTRICTED basic-->
            <types:Value id="Unknown">
				<types:ShortName>Unknown Data</types:ShortName>
				<types:Description>Interacts with data of an unknown classification type. Data of this type should be assumed to at least be Restricted. </types:Description>
			</types:Value>


            <!-- CONFIDENTIAL -->
            <types:Value id="AA">
				<types:ShortName>Account access</types:ShortName>
				<types:Description>Stores credentials or security identification codes used for systems access. Information of this type is typically classified as Confidential.</types:Description>
			</types:Value>

            <!-- PUBLIC -->
			<types:Value id="AB">
				<types:ShortName>Account behavior</types:ShortName>
				<types:Description>Stores description of baseline login behaviour. Information of this type is typically classified as Public.</types:Description>
			</types:Value>

            <!-- CONFIDENTIAL -->
			<types:Value id="CPCNDA">
				<types:ShortName>Third-Party confidential (e.g. under NDA)</types:ShortName>
				<types:Description>Stores information provided by business partner to facilitate collaboration. Information of this type is typically classified as Confidential.</types:Description>
			</types:Value>

            <!-- RESTRICTED -->
            <types:Value id="CPI">
				<types:ShortName>Customer personally identifiable</types:ShortName>
				<types:Description>Stores customer information defined by privacy laws as personally identifiable (including Credit Card information). Information of this type is typically classified as Restricted.</types:Description>
			</types:Value>

            <!-- CONFIDENTIAL -->
			<types:Value id="CCNPI">
				<types:ShortName>Customer confidential (not personally identifiable)</types:ShortName>
				<types:Description>Stores customer information other than that defined by privacy laws as personally identifiable. Information of this type is typically classified as Confidential.</types:Description>
			</types:Value>

            <!-- CONFIDENTIAL -->
			<types:Value id="EC">
				<types:ShortName>Employee compensation</types:ShortName>
				<types:Description>Stores payroll, tax, and compensation algorithms associated with employee identification information. Information of this type is typically classified as Confidential.</types:Description>
			</types:Value>

            <!-- CONFIDENTIAL -->
			<types:Value id="DA">
				<types:ShortName>Deal unannounced</types:ShortName>
				<types:Description>Stores business partner negotiations and corresponding strategies wither by firm or on behalf of client. Information of this type is typically classified as Confidential.</types:Description>
			</types:Value>

            <!-- RESTRICTED -->
			<types:Value id="PTSSC">
				<types:ShortName>Proprietary trade secret source code</types:ShortName>
				<types:Description>Stores programs or configurations used to run proprietary systems.Information of this type is typically classified as Restricted.</types:Description>
			</types:Value>

            <!-- CONFIDENTIAL -->
			<types:Value id="FTS">
				<types:ShortName>Business trade secrets</types:ShortName>
				<types:Description>Stores data with respect to business strategy and product delivery.Information of this type is typically classified as Confidential.</types:Description>
			</types:Value>

            <!-- INTERNAL -->
			<types:Value id="FC">
				<types:ShortName>Business Operational</types:ShortName>
				<types:Description>Stores data with respect to internal business operations, IT, inventory, workers, or process. Information of this type is typically classified as Internal.</types:Description>
			</types:Value>

            <!-- RESTRICTED -->
			<types:Value id="EUO">
				<types:ShortName>European Union Citizen Data (Directive 95/46/EC)</types:ShortName>
				<types:Description>Stores data containing data about a citizen of the European Union. Information of this type is typically classified as Restricted.</types:Description>
			</types:Value>

            <!-- CONFIDENTIAL -->
			<types:Value id="EPI">
				<types:ShortName>Employee personally identifiable</types:ShortName>
				<types:Description>Stores employee information defined by privacy laws as personally identifiable. Information of this type is typically classified as Confidential.</types:Description>
			</types:Value>

            <!-- PUBLIC -->
			<types:Value id="PCI">
				<types:ShortName>Public customer information</types:ShortName>
				<types:Description>Stores marketing-related customer information not covered by privacy regulation. Information of this type is typically classified as Public.</types:Description>
			</types:Value>

            <!-- PUBLIC -->
			<types:Value id="PFI">
				<types:ShortName>Public Business information</types:ShortName>
				<types:Description>Stores information published by business or available through authorized business process. Information of this type is typically classified as Public.</types:Description>
			</types:Value>

            <!-- CONFIDENTIAL -->
			<types:Value id="TIP">
				<types:ShortName>Transactions in progress</types:ShortName>
				<types:Description>Stores details concerning transitions prior to being made part of public record. Information of this type is typically classified as Confidential.</types:Description>
			</types:Value>

            <!-- INTERNAL -->
			<types:Value id="WDNP">
				<types:ShortName>Wide distribution nonpublic</types:ShortName>
				<types:Description>Stores publications, including software, covered via copyright or license agreements. Information of this type is typically classified as Internal.</types:Description>
			</types:Value>

		</ProjectMetaDataDefinition>

		<ProjectMetaDataDefinition id="ProjectClassification" multiple="true" type="BUSINESS"  appEntityType="ALL" systemUsage="HP_DEFINED_DELETABLE" publishVersion="2018100003" objectVersion="1" >
			<types:Name>Application Classification</types:Name>
			<types:Description>Direct consumers of the Application</types:Description>
			<types:Value id="C">
				<types:ShortName>Corporate</types:ShortName>
				<types:Description>Support for corporate administrative functions</types:Description>
			</types:Value>
			<types:Value id="MS">
				<types:ShortName>Market Strategy</types:ShortName>
				<types:Description>Marketing and pricing</types:Description>
			</types:Value>
			<types:Value id="Pro">
				<types:ShortName>Product</types:ShortName>
				<types:Description>Product delivery and confirmation</types:Description>
			</types:Value>
			<types:Value id="Pub">
				<types:ShortName>Publishing</types:ShortName>
				<types:Description>Non-product media or other material distribution</types:Description>
			</types:Value>
			<types:Value id="Res">
				<types:ShortName>Research</types:ShortName>
				<types:Description>Conduct and/or distribute research</types:Description>
			</types:Value>
			<types:Value id="Reg">
				<types:ShortName>Regulatory</types:ShortName>
				<types:Description>Regulatory data gathering and reporting</types:Description>
			</types:Value>
			<types:Value id="Risk">
				<types:ShortName>Risk Management</types:ShortName>
				<types:Description>Business and counterparty analysis</types:Description>
			</types:Value>
			<types:Value id="Sales">
				<types:ShortName>Sales</types:ShortName>
				<types:Description>Customer relationship management and transaction processing</types:Description>
			</types:Value>
			<types:Value id="Services">
				<types:ShortName>Services</types:ShortName>
				<types:Description>Customer support and service delivery improvement systems</types:Description>
			</types:Value>
		</ProjectMetaDataDefinition>
	</Attributes>
</SeedRoot>
