<?xml version="1.0" encoding="UTF-8"?>
<SeedRoot xmlns="xmlns://www.fortifysoftware.com/schema/seed"
		  xmlns:types="xmlns://www.fortifysoftware.com/schema/wsTypes"
		   xmlns:enum="xmlns://www.fortifysoftware.com/schema/enumConstants"
		   xmlns:activity="xmlns://www.fortifysoftware.com/schema/activitytemplate"
		  xmlns:xsi="http://www.w3.org/2001/XMLSchema-instance">		  
	<Attributes> 
		<ProjectMetaDataDefinition publishVersion="2018100003" objectVersion="1" id="BusinessUnit" type="ORGANIZATION"  appEntityType="ALL" systemUsage="HP_DEFINED_NON_DELETABLE">
			<types:Name>Business Unit</types:Name>
			<types:Description>The business unit associated with the application </types:Description>
			<types:Value id="Corporate">
				<types:ShortName>Corporate</types:ShortName>
				<types:Description>Corporate business unit</types:Description>
			</types:Value>
			<types:Value id="Research">
				<types:ShortName>Research</types:ShortName>
				<types:Description>Research business unit</types:Description>
			</types:Value>
			<types:Value id="Operations">
				<types:ShortName>Operations</types:ShortName>
				<types:Description>Operations business unit</types:Description>
			</types:Value>
			<types:Value id="Human Resources">
				<types:ShortName>Human Resources</types:ShortName>
				<types:Description>Human Resources business unit</types:Description>
			</types:Value>				
		</ProjectMetaDataDefinition>

		<ProjectMetaDataDefinition publishVersion="2018100003" objectVersion="1" id="Industry" type="ORGANIZATION"  appEntityType="ALL" systemUsage="HP_DEFINED_NON_DELETABLE">
			<types:Name>Industry</types:Name>
			<types:Description>The industry associated with the application</types:Description>
			<types:Value id="Administrative">
				<types:ShortName>Administrative</types:ShortName>
				<types:Description>Administrative industry</types:Description>
			</types:Value>
			<types:Value id="Agriculture">
				<types:ShortName>Agriculture</types:ShortName>
				<types:Description>Agriculture industry</types:Description>
			</types:Value>
			<types:Value id="Education">
				<types:ShortName>Education</types:ShortName>
				<types:Description>Education industry</types:Description>
			</types:Value>			
			<types:Value id="Entertainment">
				<types:ShortName>Entertainment</types:ShortName>
				<types:Description>Entertainment industry</types:Description>
			</types:Value>
			<types:Value id="Finance">
				<types:ShortName>Finance</types:ShortName>
				<types:Description>Finance industry</types:Description>
			</types:Value>
			<types:Value id="Healthcare">
				<types:ShortName>Healthcare</types:ShortName>
				<types:Description>Healthcare industry</types:Description>
			</types:Value>
			<types:Value id="Manufacturing">
				<types:ShortName>Manufacturing</types:ShortName>
				<types:Description>Manufacturing industry</types:Description>
			</types:Value>
			<types:Value id="Retail">
				<types:ShortName>Retail</types:ShortName>
				<types:Description>Retail industry</types:Description>
			</types:Value>
			<types:Value id="Transportation">
				<types:ShortName>Transportation</types:ShortName>
				<types:Description>Transportation industry</types:Description>
			</types:Value>
			
		</ProjectMetaDataDefinition> 

		<ProjectMetaDataDefinition publishVersion="2018100003" objectVersion="1" id="Region" type="ORGANIZATION"  appEntityType="ALL" systemUsage="HP_DEFINED_NON_DELETABLE">
			<types:Name>Region</types:Name>
			<types:Description>The geographic region that owns the application</types:Description>
			<types:Value id="Americas">
				<types:ShortName>Americas</types:ShortName>
				<types:Description>The Americas region</types:Description>
			</types:Value>
		        <types:Value id="APAC">
			        <types:ShortName>APAC</types:ShortName>		        
			        <types:Description>The Asia Pacific region</types:Description>
		        </types:Value>
		        <types:Value id="EMEA">
				<types:ShortName>EMEA</types:ShortName>		        
				<types:Description>The European, Middle East and Africa region</types:Description>
		        </types:Value>	
		</ProjectMetaDataDefinition>         		
	</Attributes>
</SeedRoot>
