<?xml version="1.0" encoding="UTF-8"?>
<SeedRoot xmlns="xmlns://www.fortifysoftware.com/schema/seed"
		  xmlns:types="xmlns://www.fortifysoftware.com/schema/wsTypes"
		  xmlns:enum="xmlns://www.fortifysoftware.com/schema/enumConstants"
		  xmlns:activity="xmlns://www.fortifysoftware.com/schema/activitytemplate"
		  xmlns:xsi="http://www.w3.org/2001/XMLSchema-instance">

	<SDLBundles>
        <EntryReference>HighRisk3rdPartyDev.fpd</EntryReference>
		<EntryReference>HighRiskActiveDev.fpd</EntryReference>
        <EntryReference>HighRiskNewDev.fpd</EntryReference>
		<EntryReference>LowRisk3rdPartyDev.fpd</EntryReference>
		<EntryReference>LowRiskActiveDev.fpd</EntryReference>
		<EntryReference>LowRiskNewDev.fpd</EntryReference>
		<EntryReference>COTS.fpd</EntryReference>
		<EntryReference>OpenSource.fpd</EntryReference>
		<EntryReference>FortifyBasic.fpd</EntryReference>
	</SDLBundles>
</SeedRoot>
