<?xml version="1.0" encoding="UTF-8"?>
<SeedRoot xmlns="xmlns://www.fortifysoftware.com/schema/seed"
          xmlns:xsi="http://www.w3.org/2001/XMLSchema-instance">
    <Bootstrap BundleIdentifier="SRG-Process-Template" BundleVersion="2018100003" CompatibleVersion="6.00.00,9.00.00">
        <SeedEntries>SDLConfiguration.xml</SeedEntries>
        <SeedEntries>BusinessProjectAttributes.xml</SeedEntries>
        <SeedEntries>TechnicalProjectAttributes.xml</SeedEntries>
        <SeedEntries>OrganizationProjectAttributes.xml</SeedEntries>
        <SeedEntries>BuiltInTemplates.xml</SeedEntries>
        <SeedEntries>360DynamicScanRequestAttributes.xml</SeedEntries>
    </Bootstrap>
</SeedRoot>
