<?xml version="1.0" encoding="UTF-8"?>
<SeedRoot xmlns="xmlns://www.fortifysoftware.com/schema/seed"
		  xmlns:types="xmlns://www.fortifysoftware.com/schema/wsTypes"
		   xmlns:enum="xmlns://www.fortifysoftware.com/schema/enumConstants"
		   xmlns:activity="xmlns://www.fortifysoftware.com/schema/activitytemplate"
		  xmlns:xsi="http://www.w3.org/2001/XMLSchema-instance">
	<Attributes>
        <ProjectMetaDataDefinition id="DevPhase" type="TECHNICAL" required="true" appEntityType="PROJECT_VERSION" systemUsage="HP_DEFINED_NON_DELETABLE" publishVersion="2018100003" objectVersion="1" >
            <types:Name>Development Phase</types:Name>
            <types:Description>Current development phase of the new application version.</types:Description>
            <types:Value id="New">
                <types:Description>This application has just begun development and has not had a production release.</types:Description>
                <types:ShortName>New</types:ShortName>
            </types:Value>
            <types:Value id="Active">
                <types:Description>This application has one or more production releases and is undergoing active development with plans for future functionality, application enhancements, and bug fixes.</types:Description>
                <types:ShortName>Active Development</types:ShortName>
            </types:Value>
            <types:Value id="Maintenance">
                <types:Description>This application has one or more production releases but has no planned development except for bug fixes.</types:Description>
                <types:ShortName>Maintenance</types:ShortName>
            </types:Value>
            <types:Value id="Retired">
                <types:Description>This application is no longer in use and has no planned development.</types:Description>
                <types:ShortName>Retired</types:ShortName>
            </types:Value>
        </ProjectMetaDataDefinition>

	<ProjectMetaDataDefinition id="DevStrategy" type="TECHNICAL" required="true" appEntityType="ALL" systemUsage="HP_DEFINED_DELETABLE" publishVersion="2018100003" objectVersion="1" >
			<types:Name>Development Strategy</types:Name>
			<types:Description>Development staffing strategy used for this application</types:Description>
			<types:Value id="Internal">
				<types:ShortName>Internally Developed</types:ShortName>
				<types:Description>Fully developed and supported in house. The application is designed, managed, developed, and supported by internal employees of the business.</types:Description>
			</types:Value>
			<types:Value id="Partial">
				<types:ShortName>Partially Outsourced</types:ShortName>
				<types:Description>Development duties partially outsourced. Design, management, development, and support duties are split between internal employees and an outsourced resource.</types:Description>
			</types:Value>
			<types:Value id="Fully">
				<types:ShortName>Fully Outsourced</types:ShortName>
				<types:Description>Third-party application run offsite. This application is managed, developed, and supported by an outsourced resource.</types:Description>
			</types:Value>
			<types:Value id="Customized">
				<types:ShortName>Customized</types:ShortName>
				<types:Description>Customized third-party application supported in-house. This application is originally designed, managed and developed by an outsourced resource. Additional modifications to the application are being made by internal employees and outsourced resources to satisfy the business goal.</types:Description>
			</types:Value>
			<types:Value id="COTS">
				<types:ShortName>Commercial Off The Shelf</types:ShortName>
				<types:Description>Commercial software designed, managed, developed, and supported by an outside entity. The application is designed to meet the needs of several, generic consumers.</types:Description>
			</types:Value>
			<types:Value id="OS">
				<types:ShortName>Open Source</types:ShortName>
				<types:Description>Open source software designed, managed, developed, and supported by an outside entity. The application is designed to meet the needs of several, generic consumers.</types:Description>
			</types:Value>
	</ProjectMetaDataDefinition>


        <ProjectMetaDataDefinition id="Accessibility" type="TECHNICAL" required="true"  appEntityType="ALL" systemUsage="HP_DEFINED_DELETABLE" publishVersion="2018100003" objectVersion="1" >
            <types:Name>Accessibility</types:Name>
            <types:Description>The level of recommended access required to interact with application.</types:Description>
            <types:Value id="internalnetwork">
                <types:ShortName>Internal Network Access Required</types:ShortName>
                <types:Description>Interaction can only occur when connected to the internal corporate network.</types:Description>
            </types:Value>
            <types:Value id="externalpublicnetwork">
                <types:ShortName>External Public Network Access Required</types:ShortName>
                <types:Description>Interaction can occur from an untrusted public network (e.g. the public internet).</types:Description>
            </types:Value>
            <types:Value id="trustedpartnerconnection">
                <types:ShortName>Secured Connection with Business Partner</types:ShortName>
                <types:Description>Interaction can only occur through a secured connection from a business partner.</types:Description>
            </types:Value>
            <types:Value id="consoleaccess">
                <types:ShortName>Console Access</types:ShortName>
                <types:Description>Interaction can only occur through a console connected directly to the computer hosting the application (e.g. serial terminal access).</types:Description>
            </types:Value>
        </ProjectMetaDataDefinition>

	<ProjectMetaDataDefinition id="ProjectType" type="TECHNICAL" appEntityType="PROJECT_VERSION" systemUsage="HP_DEFINED_DELETABLE" publishVersion="2018100003" objectVersion="1" >
			<types:Name>Application Type</types:Name>
			<types:Description>The nature of the codebase</types:Description>
			<types:Value id="Lib">
				<types:Description>Application Programming Interface</types:Description>
				<types:ShortName>Library</types:ShortName>
			</types:Value>
			<types:Value id="ApplicationComponent">
				<types:Description>A module which performs a business function that is not a self contained application</types:Description>
				<types:ShortName>Application Component</types:ShortName>
			</types:Value>
			<types:Value id="App">
				<types:Description>Codebase that defines the interface. May depend on many components and libraries</types:Description>
				<types:ShortName>Application</types:ShortName>
			</types:Value>
		</ProjectMetaDataDefinition>

                

		<ProjectMetaDataDefinition id="TargetPlatform" type="TECHNICAL" appEntityType="PROJECT_VERSION" systemUsage="HP_DEFINED_DELETABLE" publishVersion="2018100003" objectVersion="1" >
			<types:Name>Target Deployment Platform</types:Name>
			<types:Description>Platform that the Application is going to be deployed on</types:Description>
			<types:Value id="Unix">
				<types:ShortName>Unix</types:ShortName>
				<types:Description>Unix Operating Systems (Linux, Solaris, HPUX, AIX)</types:Description>
			</types:Value>
			<types:Value id="Windows">
				<types:ShortName>Windows</types:ShortName>
				<types:Description>Windows based operating system</types:Description>
			</types:Value>
			<types:Value id="NA">
				<types:ShortName>Platform Neutral</types:ShortName>
				<types:Description>Application does not rely on any operating system</types:Description>
			</types:Value>
		</ProjectMetaDataDefinition>

        <ProjectMetaDataDefinition id="Interfaces" multiple="true" type="TECHNICAL"  appEntityType="ALL" systemUsage="HP_DEFINED_DELETABLE" publishVersion="2018100003" objectVersion="1" >
			<types:Name>Interfaces</types:Name>
			<types:Description>Enumeration of the interfaces used to access the Application</types:Description>
			<types:Value id="API">
				<types:ShortName>Programmatic API</types:ShortName>
				<types:Description>Logic is only available through programmatic API access.</types:Description>
			</types:Value>
			<types:Value id="WA">
				<types:ShortName>Web Access</types:ShortName>
				<types:Description>Web browser based access</types:Description>
			</types:Value>
            <types:Value id="WS">
				<types:ShortName>Web Services (SOA)</types:ShortName>
				<types:Description>Methods/objects exposed through a Web Service interface.</types:Description>
			</types:Value>
			<types:Value id="RO">
				<types:ShortName>Remote Object Exposure</types:ShortName>
				<types:Description>Exposure of methods for remote invocation (EJB, RMI, CORBA, etc.)</types:Description>
			</types:Value>
			<types:Value id="ICI">
				<types:ShortName>Interactive Console</types:ShortName>
				<types:Description></types:Description>
			</types:Value>
			<types:Value id="BP">
				<types:ShortName>Batch Processing Console</types:ShortName>
				<types:Description></types:Description>
			</types:Value>
			<types:Value id="GUI">
				<types:ShortName>GUI</types:ShortName>
				<types:Description>Standalone GUI</types:Description>
			</types:Value>
		</ProjectMetaDataDefinition>

		<ProjectMetaDataDefinition id="Languages" multiple="true" type="TECHNICAL"  appEntityType="ALL" systemUsage="HP_DEFINED_DELETABLE" publishVersion="2018100003" objectVersion="1" >
			<types:Name>Development Languages</types:Name>
			<types:Description>Languages that are used in the Application</types:Description>
			<types:Value id="abap">
				<types:ShortName>ABAP</types:ShortName>
				<types:Description></types:Description>
			</types:Value>
			<types:Value id="asp">
				<types:ShortName>ASP.NET</types:ShortName>
				<types:Description></types:Description>
			</types:Value>
			<types:Value id="c">
				<types:ShortName>C</types:ShortName>
				<types:Description></types:Description>
			</types:Value>
			<types:Value id="cpp">
				<types:ShortName>C++</types:ShortName>
				<types:Description></types:Description>
			</types:Value>
			<types:Value id="csharp">
				<types:ShortName>C#</types:ShortName>
				<types:Description></types:Description>
			</types:Value>
			<types:Value id="classicasp">
				<types:ShortName>Classic ASP</types:ShortName>
				<types:Description></types:Description>
			</types:Value>
			<types:Value id="cobol">
				<types:ShortName>COBOL</types:ShortName>
				<types:Description></types:Description>
			</types:Value>
			<types:Value id="coldfusion">
				<types:ShortName>ColdFusion</types:ShortName>
				<types:Description></types:Description>
			</types:Value>
			<types:Value id="java">
				<types:ShortName>Java</types:ShortName>
				<types:Description></types:Description>
			</types:Value>
			<types:Value id="javascript">
				<types:ShortName>JavaScript/AJAX</types:ShortName>
				<types:Description></types:Description>
			</types:Value>
			<types:Value id="jsp">
				<types:ShortName>JSP</types:ShortName>
				<types:Description></types:Description>
			</types:Value>
			<types:Value id="objectivec">
				<types:ShortName>ObjC</types:ShortName>
				<types:Description></types:Description>
			</types:Value>
			<types:Value id="php">
				<types:ShortName>PHP</types:ShortName>
				<types:Description></types:Description>
			</types:Value>
			<types:Value id="psql">
				<types:ShortName>PLSQL/TSQL</types:ShortName>
				<types:Description></types:Description>
			</types:Value>
			<types:Value id="python">
				<types:ShortName>Python</types:ShortName>
				<types:Description></types:Description>
			</types:Value>
			<types:Value id="ruby">
				<types:ShortName>Ruby</types:ShortName>
				<types:Description></types:Description>
			</types:Value>
			<types:Value id="tsql">
				<types:ShortName>T-SQL</types:ShortName>
				<types:Description></types:Description>
			</types:Value>
			<types:Value id="vbdotnet">
				<types:ShortName>VB.NET</types:ShortName>
				<types:Description></types:Description>
			</types:Value>
			<types:Value id="vb6">
				<types:ShortName>VB6</types:ShortName>
				<types:Description></types:Description>
			</types:Value>
			<types:Value id="vbscript">
				<types:ShortName>VBScript</types:ShortName>
				<types:Description></types:Description>
			</types:Value>
			
			<types:Value id="xml">
				<types:ShortName>XML/HTML</types:ShortName>
				<types:Description></types:Description>
			</types:Value>
		</ProjectMetaDataDefinition>

		<ProjectMetaDataDefinition id="AuthenticationSystem" type="TECHNICAL" multiple="true"  appEntityType="ALL" systemUsage="HP_DEFINED_DELETABLE" publishVersion="2018100003" objectVersion="1" >
			<types:Name>Authentication System</types:Name>
			<types:Description>System used to authenticate users with application resource(s)</types:Description>
			<types:Value id="None">
				<types:Description>No Authentication</types:Description>
				<types:ShortName>None</types:ShortName>
			</types:Value>
			<types:Value id="BASIC">
				<types:Description></types:Description>
				<types:ShortName>HTTP Basic Authentication</types:ShortName>
			</types:Value>
			<types:Value id="DIGEST">
				<types:Description></types:Description>
				<types:ShortName>HTTP Digest Authentication</types:ShortName>
			</types:Value>
			<types:Value id="FORM">
				<types:ShortName>HTTP Form Authentication</types:ShortName>
				<types:Description></types:Description>
			</types:Value>
			<types:Value id="CLIENT-CERT">
				<types:ShortName>HTTPS Client Authentication</types:ShortName>
				<types:Description></types:Description>
			</types:Value>
			<types:Value id="SSO">
				<types:ShortName>Single Sign On (SSO)</types:ShortName>
				<types:Description></types:Description>
			</types:Value>			
			<types:Value id="JAAS">
				<types:ShortName>Java Authentication and Authorization Service (JAAS)</types:ShortName>
				<types:Description></types:Description>
			</types:Value>
			<types:Value id="NTLM">
				<types:ShortName>NT LAN Manager (NTLM)</types:ShortName>
				<types:Description></types:Description>
			</types:Value>
			<types:Value id="Kerberos">
				<types:ShortName>Kerberos</types:ShortName>
				<types:Description></types:Description>
			</types:Value>
			<types:Value id="Custom">
				<types:ShortName>Custom</types:ShortName>
				<types:Description></types:Description>
			</types:Value>

		</ProjectMetaDataDefinition>

		
		<ProjectMetaDataDefinition id="RecoveryStrategy" type="TECHNICAL" appEntityType="RUNTIME_APP" systemUsage="HP_DEFINED_DELETABLE" publishVersion="2018100003" objectVersion="1" >
			<types:Name>Recovery Strategy</types:Name>
			<types:Description>Description of recovery strategy for failure scenarios</types:Description>
			<types:Value id="None">
				<types:Description>No Recovery Plan</types:Description>
				<types:ShortName>None</types:ShortName>
			</types:Value>
			<types:Value id="Infrastructure">
				<types:Description>Supported independently at all sites</types:Description>
				<types:ShortName>Infrastructure</types:ShortName>
			</types:Value>
			<types:Value id="SRO">
				<types:Description>Backup up to disk, no support for machine loss</types:Description>
				<types:ShortName>System Restore Only</types:ShortName>
			</types:Value>
			<types:Value id="RSS">
				<types:ShortName>Redundant Single Site</types:ShortName>
				<types:Description>Machine configured with redundant hardware components</types:Description>
			</types:Value>
			<types:Value id="HW">
				<types:ShortName>Hot/Warm</types:ShortName>
				<types:Description>Manual fail over to Alternate Site</types:Description>
			</types:Value>
			<types:Value id="HH">
				<types:ShortName>Hot/Hot</types:ShortName>
				<types:Description>Auto fail over to Alternate Site with some interruption</types:Description>
			</types:Value>
			<types:Value id="AH">
				<types:ShortName>Always hot</types:ShortName>
				<types:Description>Redundant Across Alternate Sites, uninterrupted failover</types:Description>
			</types:Value>
		</ProjectMetaDataDefinition>
	</Attributes>
</SeedRoot>
